Transaction_ID,Customer_ID,Product_ID,Date,Quantity,Unit_Price,Total_Cost,Discount_Rate,Sales_Channel,Taxable
200,1086,536,2020-01-01,3,120.43682132331526,8265.37454940804,0.2,Online,False
321,1078,523,2020-01-02,6,475.7249935818949,4047.8504787607,0.0,Reseller,True
989,1077,535,2020-01-06,3,146.40055601470172,0.0,0.05,Direct,True
682,1027,546,2020-01-07,6,19.373193554270635,8194.281992877543,0.0,Reseller,True
484,1052,556,2020-01-07,8,193.22131303627867,8331.32924886882,0.2,Direct,False
483,1074,549,2020-01-01,8,37.72697151189065,6894.375243656562,0.05,Reseller,False
757,1061,547,2020-01-01,7,193.9797749485852,4611.329101247279,0.15,Direct,True
985,1040,542,2020-01-06,1,486.8076309770262,7623.669347238553,0.0,Direct,False
795,1014,533,2020-01-08,1,455.0319594631582,6194.880826757808,0.0,Direct,False
459,1040,529,2020-01-06,8,339.62446716236,5933.960843694132,0.0,Partner,False
826,1039,521,2020-01-02,1,142.0608125232136,4697.420195618569,0.0,Reseller,True
116,1080,535,2020-01-07,8,426.6705205487488,5350.517195865819,0.0,Direct,True
417,1076,555,2020-01-06,4,144.29507877767358,980.913486556204,0.0,Partner,True
367,1097,524,2020-01-08,9,159.05737262177763,5943.900905880649,0.1,Partner,False
233,1070,508,2020-01-05,6,277.8227995958245,6757.282871927786,0.15,Reseller,False
191,1099,546,2020-01-05,9,38.343780229108695,4743.788008955943,0.0,Partner,False
891,1056,523,2020-01-06,1,380.7977818635983,5013.353792234297,0.05,Direct,False
770,1021,510,2020-01-05,4,331.7974475135879,9438.36161081244,0.0,Direct,False
387,1036,515,2020-01-07,2,379.5816472442196,7036.432792204224,0.1,Online,False
641,1099,549,2020-01-02,9,0.0,6980.821047923439,0.05,Direct,True
278,1020,542,2020-01-02,6,184.944378545306,5034.828782162813,0.2,Partner,True
649,1096,535,2020-01-02,9,160.81995752356536,7657.985051266169,0.0,Partner,True
599,1046,548,2020-01-06,2,191.84533983076264,3755.9437915651183,0.1,Reseller,True
516,1026,520,2020-01-08,1,47.71993886183348,881.3191613109819,0.0,Reseller,False
871,1018,521,2020-01-03,4,0.0,6869.126171070717,0.2,Partner,True
46,1062,531,2020-01-09,9,344.4824383994672,7743.24610741125,0.2,Partner,True
481,1053,537,2020-01-02,5,345.86750277873176,6887.646511271185,0.05,Direct,False
671,1100,534,2020-01-07,8,97.83409531224756,5671.2764325260505,0.0,Reseller,True
744,1025,542,2020-01-04,3,47.09286638179586,6154.682460834315,0.05,Direct,True
375,1006,524,2020-01-02,8,373.5292002097704,7419.523116226637,0.05,Direct,True
717,1054,528,2020-01-01,8,202.01109286213276,3869.92128893702,0.1,Partner,False
136,1005,544,2020-01-05,1,38.465056519371394,4107.639467733516,0.15,Partner,True
166,1036,516,2020-01-08,8,0.0,3135.9144573870635,0.1,Online,False
651,1081,546,2020-01-01,7,476.87935833122793,0.0,0.15,Reseller,True
779,1012,526,2020-01-06,3,278.7253898668457,6016.129646141524,0.05,Reseller,True
902,1004,531,2020-01-02,3,497.8592436544529,4293.659511892614,0.15,Online,True
228,1070,525,2020-01-04,6,343.01396304020284,1607.5392082791188,0.2,Partner,False
34,1074,529,2020-01-03,6,323.83326066616354,4028.93899493158,0.15,Reseller,True
612,1007,538,2020-01-02,6,0.0,3887.663671868953,0.1,Direct,True
234,1070,511,2020-01-04,3,222.07984108263997,9349.77168594007,0.0,Reseller,True
50,1092,545,2020-01-07,3,0.0,2167.170460122895,0.0,Online,False
8,1085,536,2020-01-01,4,42.34482362871837,5852.379462596614,0.05,Partner,False
330,1064,546,2020-01-06,5,473.7636914436987,2226.899238564938,0.15,Partner,False
822,1040,525,2020-01-09,8,139.3903724999222,0.0,0.2,Online,False
804,1082,533,2020-01-08,7,361.0345848594685,3854.4774449147,0.05,Online,False
875,1048,550,2020-01-08,4,163.26121471307349,4446.708505624851,0.05,Reseller,True
932,1003,501,2020-01-04,9,352.82338911483964,3876.6737049585863,0.05,Partner,False
336,1011,553,2020-01-09,6,110.29325343806914,8853.637048945504,0.2,Partner,True
881,1049,522,2020-01-05,9,383.5282860054704,0.0,0.2,Partner,False
322,1075,512,2020-01-06,1,294.99492356470483,2925.695550750819,0.0,Reseller,True
980,1062,552,2020-01-05,9,239.86253341331357,5982.612282685112,0.2,Online,True
374,1070,560,2020-01-01,7,334.89312398367696,4253.975325986898,0.1,Reseller,True
54,1026,519,2020-01-06,7,389.9196136975364,6625.079861479777,0.05,Online,False
997,1097,516,2020-01-08,8,340.2571619914079,1274.9617933079762,0.1,Direct,False
169,1099,560,2020-01-08,2,388.83951822014905,597.7027113890742,0.05,Reseller,True
427,1069,556,2020-01-02,7,474.0744268831744,6089.346099339957,0.05,Online,False
801,1059,535,2020-01-05,5,319.87174892090985,0.0,0.2,Direct,False
592,1008,502,2020-01-06,9,276.68444339571187,6520.260197772526,0.05,Online,False
764,1062,522,2020-01-02,1,181.7550618002193,1261.7741897150763,0.1,Reseller,False
853,1093,503,2020-01-01,1,451.4708388883293,9486.723453533194,0.1,Partner,False
211,1018,524,2020-01-05,5,0.0,3481.841726892759,0.05,Online,False
493,1038,520,2020-01-03,8,146.147860283959,1983.9143253406933,0.0,Online,False
930,1017,556,2020-01-05,8,391.76026733393553,9919.561370360172,0.05,Partner,True
916,1005,508,2020-01-07,1,348.5331485099032,1829.8800788567476,0.0,Direct,False
701,1002,515,2020-01-05,6,275.0434518806596,7684.411018513126,0.05,Partner,False
88,1052,514,2020-01-06,1,199.94791467326704,0.0,0.15,Partner,True
937,1073,506,2020-01-02,4,249.36286000335363,6140.916003462796,0.0,Online,False
364,1097,521,2020-01-04,9,36.77086580047643,5098.195438839339,0.0,Online,False
885,1059,544,2020-01-02,5,0.0,2750.777942018873,0.1,Online,False
462,1011,530,2020-01-02,4,316.18830880742945,1962.04909459085,0.15,Reseller,False
301,1040,547,2020-01-07,2,460.0289517512503,5018.163822309079,0.15,Partner,True
886,1037,502,2020-01-06,7,316.0608835761205,1421.173874171535,0.0,Online,False
528,1061,531,2020-01-08,4,341.2528811457483,8545.42863207505,0.2,Partner,False
569,1083,526,2020-01-08,8,322.4672409790084,5857.235884178425,0.1,Direct,True
787,1016,560,2020-01-06,4,78.75901391482235,1318.255321104963,0.2,Online,False
762,1047,554,2020-01-06,2,167.36945479161722,6072.927223694795,0.15,Online,True
120,1008,515,2020-01-08,2,441.2768015815277,5262.118623944429,0.15,Partner,False
614,1023,506,2020-01-09,6,328.167939042672,622.5259630004916,0.0,Direct,True
938,1068,522,2020-01-04,6,206.9247279464577,5968.137572080779,0.15,Direct,False
460,1041,510,2020-01-05,5,400.3738846237724,8151.60712834987,0.05,Partner,True
217,1083,521,2020-01-08,6,356.78346163108847,0.0,0.15,Direct,False
10,1063,538,2020-01-02,9,64.38906840774428,1802.91063745106,0.05,Online,False
51,1095,535,2020-01-09,5,280.72547402986567,5893.409520345019,0.0,Partner,True
688,1098,521,2020-01-07,7,118.95703932660344,2304.3932963468287,0.0,Partner,True
243,1055,532,2020-01-06,3,428.35461163528686,8109.3166538319665,0.05,Reseller,False
961,1079,557,2020-01-07,1,498.6465709527653,3237.7529966155303,0.2,Online,False
265,1075,552,2020-01-05,3,381.08200149587503,4596.7217630198,0.05,Direct,False
525,1086,529,2020-01-07,9,17.404235265092765,1696.5743656039035,0.05,Reseller,True
967,1018,523,2020-01-05,5,425.22008597997313,6055.864207405013,0.15,Partner,False
245,1003,516,2020-01-09,4,480.7072180014679,5980.145120760652,0.1,Direct,False
346,1026,537,2020-01-06,4,210.61191519033895,6536.436390188143,0.2,Partner,False
390,1057,506,2020-01-06,6,333.8969845811869,2221.2411509757867,0.0,Online,True
133,1051,527,2020-01-01,8,446.20535129172544,6279.035250073831,0.2,Reseller,True
159,1056,549,2020-01-09,5,265.4350633505281,6308.904306643778,0.0,Direct,False
378,1051,551,2020-01-01,6,158.43614376381032,8151.585408936801,0.15,Reseller,True
458,1078,510,2020-01-08,8,436.9928767535186,2032.98990468964,0.15,Partner,True
653,1009,510,2020-01-07,3,183.66822490859687,6382.1409859754485,0.0,Online,True
831,1025,539,2020-01-08,5,139.6711631934251,985.9269533937776,0.05,Direct,False
626,1020,507,2020-01-05,3,61.64267687282456,1402.1701146695768,0.1,Partner,False
431,1038,502,2020-01-07,2,395.2407696079184,3114.7722198515785,0.05,Reseller,True
923,1099,528,2020-01-02,6,97.88444504172809,6916.832430696043,0.15,Direct,True
315,1095,542,2020-01-06,7,118.21786365187435,3869.328947358287,0.05,Partner,False
526,1092,557,2020-01-07,3,482.8575310326912,9801.939773455848,0.0,Reseller,False
667,1070,526,2020-01-04,1,225.2131946123615,1317.3054918129606,0.2,Partner,False
311,1024,526,2020-01-03,3,103.88054341006465,6321.560437596849,0.0,Reseller,False
627,1011,525,2020-01-03,4,384.57595675699713,3491.7252235945093,0.0,Direct,False
908,1054,530,2020-01-08,9,36.140518524559866,7443.268284873524,0.0,Online,False
553,1047,538,2020-01-07,4,102.38489681713304,3653.729294990532,0.1,Partner,True
724,1033,518,2020-01-01,1,0.0,4699.317498845673,0.15,Reseller,True
498,1034,537,2020-01-07,7,264.1634872464916,5989.166977385305,0.0,Partner,True
331,1022,536,2020-01-07,9,447.3535314683725,1989.720700509654,0.2,Online,False
45,1004,540,2020-01-07,8,45.17014505099139,4812.9041563971405,0.05,Reseller,True
327,1035,558,2020-01-05,6,148.42307232669762,0.0,0.15,Online,False
555,1092,547,2020-01-08,9,488.7334076750823,629.9829402264705,0.2,Reseller,True
565,1003,530,2020-01-04,4,0.0,9670.375874488798,0.15,Reseller,True
574,1092,512,2020-01-09,4,439.9603228606961,3739.106428637804,0.15,Reseller,True
890,1039,534,2020-01-01,3,495.4327869622253,5695.824321862031,0.0,Partner,True
449,1068,523,2020-01-03,3,97.83524983481712,1293.4866894601782,0.1,Direct,False
509,1070,505,2020-01-06,5,110.6131399663319,9377.113868157694,0.1,Reseller,True
735,1073,544,2020-01-06,9,423.2298222160628,4313.886901345911,0.0,Reseller,False
684,1031,544,2020-01-05,9,446.5192121417419,7437.106318693867,0.2,Reseller,True
71,1014,536,2020-01-07,3,130.9436959089321,0.0,0.2,Online,True
730,1062,525,2020-01-09,9,14.889600562640194,9568.376324158702,0.1,Reseller,False
124,1025,511,2020-01-02,5,154.69772401019807,4662.696825859272,0.0,Reseller,True
931,1088,544,2020-01-04,4,308.7517383247818,2478.996205080921,0.05,Reseller,True
882,1088,506,2020-01-01,1,0.0,7422.234700247725,0.0,Reseller,True
624,1047,524,2020-01-06,7,250.6369073977509,4192.900304827193,0.0,Partner,False
546,1030,550,2020-01-08,6,17.543496928741153,6256.971189074742,0.2,Partner,False
755,1059,545,2020-01-07,9,327.6758236515268,1862.9598416711904,0.1,Reseller,False
591,1092,528,2020-01-08,7,467.02814898505306,6787.428558582983,0.1,Direct,False
990,1033,530,2020-01-08,1,401.1636666325015,2387.123480525355,0.05,Direct,True
122,1004,529,2020-01-08,2,0.0,831.6597502341262,0.0,Reseller,False
873,1037,538,2020-01-08,9,394.03174302686585,4402.493694996312,0.2,Direct,True
620,1060,519,2020-01-08,9,20.73753109975439,1308.0356621477904,0.1,Direct,True
372,1039,544,2020-01-06,7,483.7542949016498,9794.370477040138,0.15,Partner,False
354,1072,551,2020-01-05,7,439.18271092335794,8332.479417243216,0.1,Online,False
697,1092,525,2020-01-09,9,311.9872381036048,7170.02081408103,0.0,Partner,True
829,1093,542,2020-01-07,2,0.0,2421.792517002935,0.0,Online,True
583,1088,531,2020-01-08,5,0.0,8025.816350615923,0.0,Reseller,True
125,1067,552,2020-01-07,7,0.0,8472.213752312837,0.0,Reseller,False
128,1027,547,2020-01-05,6,164.6573984440415,4765.868295336196,0.15,Direct,True
887,1061,538,2020-01-07,3,433.5722909654984,0.0,0.2,Direct,False
789,1017,510,2020-01-05,5,314.0321546754656,3163.180149238419,0.0,Reseller,False
709,1021,504,2020-01-06,3,0.0,4089.472530408273,0.0,Partner,True
70,1085,532,2020-01-03,4,11.871762102705723,1858.5106653244009,0.15,Online,False
618,1036,541,2020-01-05,3,153.26772410197464,5874.577030826247,0.2,Direct,True
262,1057,530,2020-01-04,5,480.4664461586692,9843.888461879798,0.1,Reseller,True
426,1027,514,2020-01-02,9,285.4156692572598,882.451028587705,0.1,Direct,True
777,1082,516,2020-01-08,9,404.20237479159294,4351.516838821972,0.0,Online,False
840,1042,504,2020-01-03,2,221.84965093764015,1175.978949340143,0.1,Online,True
48,1032,560,2020-01-02,3,0.0,2365.982550784165,0.2,Partner,True
594,1035,506,2020-01-04,2,312.22396784774514,654.3127104898101,0.15,Online,False
605,1014,541,2020-01-09,3,448.71958368505295,1482.6240911745922,0.0,Partner,False
379,1072,532,2020-01-06,9,169.39461567128524,9494.184324576288,0.1,Direct,True
643,1024,549,2020-01-04,4,262.35277325776434,1765.4942792979723,0.0,Partner,False
518,1085,550,2020-01-09,5,476.1973782143273,0.0,0.15,Reseller,True
976,1081,515,2020-01-02,9,198.9428203315333,9017.459255455597,0.15,Direct,False
884,1012,523,2020-01-05,6,313.56783801778863,4234.8977301931445,0.2,Reseller,False
472,1001,554,2020-01-05,4,182.94966669165476,2337.635758086584,0.2,Direct,True
969,1037,504,2020-01-08,2,174.2867345383649,2156.8880375592453,0.05,Online,False
706,1036,519,2020-01-06,1,211.85946656670995,1644.2497299673716,0.15,Partner,True
630,1087,501,2020-01-03,5,137.5159330127624,9879.693506505686,0.0,Online,False
38,1085,532,2020-01-08,3,327.4305485353589,5179.406172156327,0.0,Direct,False
135,1021,517,2020-01-08,5,190.2151340005149,2148.212478372709,0.15,Direct,False
774,1070,542,2020-01-08,9,334.2253013159297,2182.9584706149426,0.15,Direct,True
152,1090,501,2020-01-03,8,237.4066281322169,2727.043200109389,0.0,Reseller,True
507,1071,553,2020-01-09,8,204.83006549090655,8580.458016143602,0.1,Direct,False
107,1034,558,2020-01-08,8,222.03727664965527,6170.651560193233,0.1,Partner,True
23,1006,532,2020-01-07,9,207.4079084899922,4855.098529248661,0.0,Direct,True
522,1084,534,2020-01-02,6,315.5879013622304,2903.7502387424056,0.2,Partner,False
369,1078,537,2020-01-09,5,122.90416443750144,873.059435295697,0.0,Direct,False
527,1063,539,2020-01-05,1,132.9375923886402,6901.469533565044,0.1,Partner,True
413,1005,544,2020-01-09,9,461.2873153373222,2699.014530770332,0.05,Partner,False
704,1051,513,2020-01-07,9,94.13001477567028,9379.93419713886,0.2,Online,False
111,1077,546,2020-01-05,6,191.2084954337165,8361.753996603446,0.15,Partner,False
968,1070,526,2020-01-07,7,40.57309361315585,0.0,0.05,Partner,True
438,1012,528,2020-01-07,2,485.425983765768,4548.151760546192,0.0,Partner,False
876,1065,503,2020-01-02,1,330.6275826914327,728.0479260264442,0.1,Direct,True
242,1024,546,2020-01-09,5,398.6400082584023,8352.23520481891,0.1,Online,True
256,1004,533,2020-01-08,4,314.9481996624506,1481.01758431296,0.1,Direct,False
943,1067,533,2020-01-03,8,295.7634940957778,2496.0183326673423,0.0,Reseller,True
844,1013,532,2020-01-06,6,440.80102857461134,5799.799918770696,0.1,Direct,False
221,1052,546,2020-01-06,2,319.15167721229005,5548.8216847984,0.15,Partner,True
179,1078,550,2020-01-07,2,450.29469629067125,3762.17367068762,0.0,Direct,False
933,1032,557,2020-01-01,6,420.6959377444349,6857.580784286234,0.0,Partner,True
543,1049,560,2020-01-04,5,353.55840126456206,2577.7819446121225,0.15,Reseller,True
377,1007,549,2020-01-03,9,217.08830653666848,6875.384992316773,0.05,Online,False
584,1087,516,2020-01-09,3,307.29854511154383,6925.430144790879,0.15,Online,False
443,1089,501,2020-01-06,3,277.7508548781452,8264.400466025749,0.05,Partner,True
286,1037,506,2020-01-06,9,56.74564588347321,5080.254939738498,0.15,Online,True
815,1099,532,2020-01-02,5,351.11651111758334,2594.632574440118,0.2,Partner,True
803,1093,534,2020-01-02,9,242.22139785689032,6086.00440258147,0.05,Partner,False
478,1021,547,2020-01-04,9,394.04232281721255,2684.940662650785,0.05,Direct,False
962,1038,509,2020-01-01,1,24.71274261140248,561.4113990022503,0.0,Direct,False
235,1004,522,2020-01-05,7,31.510971895072508,8299.319664341838,0.2,Direct,True
693,1045,547,2020-01-02,2,0.0,698.8741193539661,0.1,Online,False
966,1090,552,2020-01-02,3,237.85466358794952,727.4895200695931,0.0,Direct,False
940,1098,508,2020-01-04,4,290.577544112191,4981.528456425172,0.2,Reseller,False
170,1052,546,2020-01-07,2,263.8006585791637,7302.474745800372,0.0,Partner,True
883,1068,502,2020-01-02,2,420.1886176370196,3495.9555610281163,0.2,Direct,False
842,1030,538,2020-01-05,1,137.1924601447741,5877.175036434299,0.2,Reseller,False
108,1006,523,2020-01-08,3,234.27280652805405,0.0,0.15,Online,True
571,1097,547,2020-01-01,7,359.8858344552821,1159.2438160897425,0.0,Online,True
901,1052,529,2020-01-04,4,113.701590299232,0.0,0.0,Direct,False
3,1065,543,2020-01-08,3,53.41630984514274,0.0,0.2,Partner,False
585,1059,514,2020-01-08,9,339.7071176130591,6956.515232753864,0.1,Reseller,True
756,1049,542,2020-01-07,7,46.31165706168487,0.0,0.2,Partner,True
226,1056,511,2020-01-06,7,128.5277141153157,0.0,0.05,Reseller,False
476,1040,543,2020-01-01,4,208.2184189311961,9009.054470532858,0.15,Online,True
754,1044,556,2020-01-02,8,42.6167166779692,3315.0951180481006,0.1,Online,True
622,1002,511,2020-01-06,7,256.2893088887639,4109.801250171249,0.0,Online,False
95,1081,552,2020-01-07,4,483.3632775130519,0.0,0.0,Direct,False
949,1098,534,2020-01-03,3,51.43703526764655,0.0,0.1,Direct,True
793,1086,536,2020-01-03,8,446.300663437471,4119.042527723012,0.1,Online,False
878,1079,544,2020-01-01,4,0.0,2182.281426274253,0.1,Direct,True
973,1028,535,2020-01-09,6,427.7482364105255,0.0,0.0,Direct,False
836,1042,524,2020-01-01,1,101.98397878920352,8471.892776672148,0.0,Online,False
579,1008,504,2020-01-01,3,142.69510073811657,3286.8575036895936,0.0,Direct,False
648,1087,511,2020-01-09,6,396.753495676646,7155.80921574729,0.05,Reseller,True
60,1065,534,2020-01-08,1,36.62269706322287,5923.335459975025,0.1,Partner,False
371,1051,528,2020-01-03,6,367.3789491031182,560.6009123626114,0.0,Direct,False
564,1055,510,2020-01-06,1,222.8576263132388,6806.332511100889,0.0,Online,False
193,1064,525,2020-01-05,8,471.934916356115,0.0,0.1,Direct,False
956,1005,502,2020-01-07,9,444.185783303472,1765.2301938414723,0.0,Reseller,True
650,1081,508,2020-01-01,8,457.75633749789705,8792.164504873814,0.1,Reseller,False
674,1034,515,2020-01-08,6,67.60013707360778,8290.641269528669,0.05,Online,True
791,1026,518,2020-01-09,6,0.0,4678.628577281432,0.15,Partner,False
729,1081,526,2020-01-06,6,134.1034679261304,6663.271168514167,0.2,Partner,True
750,1094,507,2020-01-04,5,439.9017220350909,1253.1627039963216,0.0,Reseller,True
67,1047,522,2020-01-06,7,356.41847885330094,9307.67592771227,0.1,Online,False
679,1087,548,2020-01-06,8,0.0,3423.8236002849167,0.1,Partner,True
690,1053,543,2020-01-05,6,307.79881471686974,5786.414054813809,0.0,Partner,False
742,1043,549,2020-01-01,9,442.45433961845015,1056.3704002030718,0.2,Partner,True
863,1065,549,2020-01-06,6,376.61011690393474,9900.300667151065,0.15,Online,True
855,1057,508,2020-01-04,5,414.45367542073456,3317.8185804923846,0.2,Reseller,False
433,1072,506,2020-01-09,6,198.3339688768261,0.0,0.0,Partner,True
141,1022,547,2020-01-01,9,17.199760440927385,0.0,0.2,Online,True
859,1030,541,2020-01-04,4,42.95539784401025,1671.195903339995,0.2,Online,True
147,1090,519,2020-01-04,8,251.50364637924883,1128.5692939271844,0.0,Online,True
860,1025,539,2020-01-08,6,56.50978904261816,5426.336042324472,0.1,Reseller,False
303,1084,507,2020-01-03,3,292.7900671587772,2031.5787137636644,0.2,Partner,False
119,1016,539,2020-01-04,1,0.0,5343.613090729348,0.2,Reseller,False
490,1025,506,2020-01-09,8,214.9835934101173,3071.117448826774,0.15,Reseller,False
97,1029,507,2020-01-05,3,475.8786267883556,3268.8786781910417,0.15,Direct,True
216,1040,508,2020-01-01,6,446.1691573240472,3750.022398204144,0.05,Reseller,False
872,1062,508,2020-01-04,2,186.6091452993282,6597.285409613636,0.2,Direct,True
858,1010,506,2020-01-05,3,292.5841754403006,1705.9719306722404,0.05,Partner,False
662,1029,502,2020-01-05,5,430.8202178723958,9653.059501006112,0.2,Online,True
347,1062,532,2020-01-05,1,407.33050469388,6483.296217129723,0.0,Reseller,False
479,1047,537,2020-01-05,2,0.0,0.0,0.1,Online,False
352,1018,528,2020-01-09,4,330.7788365643177,4570.350086563557,0.0,Online,True
28,1005,531,2020-01-04,2,0.0,8690.928249752793,0.0,Reseller,True
214,1034,513,2020-01-07,7,152.347207778996,2310.7934142072727,0.05,Partner,True
752,1012,501,2020-01-05,7,275.462872491106,9126.176181505793,0.05,Partner,False
173,1056,529,2020-01-09,4,10.663276600579396,0.0,0.2,Partner,True
258,1006,533,2020-01-07,6,103.15274839402652,0.0,0.0,Online,False
199,1017,520,2020-01-06,5,189.18356664807197,9091.417862441644,0.1,Reseller,True
325,1076,545,2020-01-02,4,263.1822087608712,4425.138913473335,0.2,Direct,False
164,1081,515,2020-01-06,1,405.5062133087925,8906.12361811204,0.0,Partner,False
935,1013,521,2020-01-03,3,480.85087199512407,4474.700567094169,0.05,Online,False
657,1073,503,2020-01-09,5,60.258301665959,4708.820210207385,0.15,Online,True
464,1001,501,2020-01-05,8,418.0868846262528,0.0,0.0,Online,False
442,1082,505,2020-01-04,2,410.3927895876368,2647.7511746003456,0.0,Partner,True
524,1020,550,2020-01-05,5,141.02699365019524,1477.004625496029,0.2,Online,True
994,1080,514,2020-01-09,1,73.54269932987532,6085.920479906411,0.15,Reseller,False
205,1013,560,2020-01-03,7,293.3662157159767,6803.474142177796,0.0,Reseller,False
971,1048,555,2020-01-07,6,487.9181354047446,1368.5089222628126,0.15,Direct,False
137,1082,556,2020-01-04,7,64.64098403742543,8113.734874118059,0.1,Reseller,False
232,1021,541,2020-01-06,3,235.235786497304,7463.50101861492,0.15,Online,True
6,1049,553,2020-01-01,3,209.6960852058911,5103.110953260103,0.05,Direct,True
295,1005,512,2020-01-06,7,496.6949575572524,9359.271344983465,0.05,Online,False
995,1040,506,2020-01-05,5,135.66689989821532,4551.747598797681,0.15,Direct,True
376,1067,550,2020-01-01,6,425.7284357543571,3785.157934899037,0.05,Partner,True
441,1062,537,2020-01-03,2,0.0,2631.0263091084994,0.1,Direct,False
470,1087,501,2020-01-01,8,150.94003723140233,4223.150347967136,0.1,Partner,True
13,1059,505,2020-01-03,6,45.43507287638992,1868.748467125396,0.05,Online,True
494,1002,550,2020-01-03,2,145.39636314826828,9889.99944265307,0.2,Partner,True
326,1099,551,2020-01-03,4,381.8003643410893,6920.317788488699,0.1,Reseller,False
469,1054,512,2020-01-05,3,278.9407458879044,0.0,0.05,Partner,True
552,1078,532,2020-01-08,3,0.0,9324.165723532871,0.2,Direct,False
708,1029,514,2020-01-08,8,319.3952713970044,9708.5572166997,0.0,Direct,False
415,1047,514,2020-01-09,2,367.2007202113501,9301.406080583756,0.1,Direct,False
568,1074,517,2020-01-07,3,310.5129255948157,5980.37141245648,0.15,Direct,True
576,1050,508,2020-01-01,8,16.735321465559174,4362.610104914987,0.05,Online,False
207,1025,554,2020-01-06,1,407.4506472674008,4322.859463343461,0.2,Reseller,True
596,1088,533,2020-01-01,1,371.57952274347247,3573.5389186121697,0.05,Online,True
171,1079,525,2020-01-09,3,180.5668406524612,7209.33854427499,0.05,Partner,False
944,1092,553,2020-01-06,7,300.491688448974,0.0,0.0,Partner,False
772,1087,558,2020-01-02,1,14.09820411965998,8813.769376900946,0.15,Reseller,False
11,1089,560,2020-01-05,2,406.03525290451887,6016.641303265707,0.1,Partner,True
465,1046,505,2020-01-01,1,453.9826596358176,3930.2099002398536,0.15,Online,False
563,1029,543,2020-01-03,3,136.76870465616605,3311.354279647853,0.15,Online,True
652,1014,514,2020-01-01,1,170.10384559472,7437.3673005309265,0.1,Reseller,False
206,1084,522,2020-01-07,7,82.01172769822274,4406.376144384185,0.0,Direct,True
699,1046,511,2020-01-07,8,213.72980072642773,6918.797570967194,0.1,Partner,False
19,1099,531,2020-01-06,3,399.31261680046686,3411.402946406793,0.2,Reseller,False
530,1071,547,2020-01-09,4,308.903634368948,6926.595620445742,0.0,Direct,True
350,1042,559,2020-01-06,4,349.87284816215964,5547.293174333853,0.15,Reseller,False
905,1020,555,2020-01-05,2,404.162889241962,2218.473063099534,0.0,Online,False
639,1053,525,2020-01-09,5,64.1116130714403,4325.685349448322,0.2,Direct,False
396,1086,554,2020-01-08,5,296.0486624519147,2022.1432092768096,0.1,Reseller,True
463,1023,541,2020-01-01,9,290.15553174043686,1917.8699625440024,0.2,Partner,True
617,1019,513,2020-01-06,3,414.1241863000337,9597.500639589583,0.05,Partner,True
366,1017,558,2020-01-06,8,120.80141231233924,3430.448674150098,0.1,Partner,False
948,1025,552,2020-01-01,1,217.4342206350668,5856.982750026322,0.2,Online,True
41,1001,527,2020-01-01,2,256.5111358821198,3933.3359011382704,0.0,Reseller,True
49,1034,524,2020-01-09,9,413.0420492482564,9538.725843799371,0.0,Online,True
965,1048,503,2020-01-03,6,486.9574833907624,0.0,0.05,Direct,False
220,1006,518,2020-01-06,2,13.84237947823924,7481.795550251495,0.0,Online,True
957,1011,541,2020-01-04,8,106.36025662694976,0.0,0.2,Partner,True
713,1036,546,2020-01-01,3,175.2312220272185,2038.2685630060305,0.2,Partner,False
17,1033,557,2020-01-01,6,47.66241688532012,1281.587080632088,0.0,Online,True
160,1094,525,2020-01-01,5,488.24677340681467,6945.74969878006,0.15,Reseller,True
925,1061,540,2020-01-07,5,233.03427594949164,1763.5930896196237,0.05,Direct,True
109,1053,526,2020-01-03,9,0.0,7809.764493779448,0.1,Direct,False
31,1023,502,2020-01-03,4,167.53289361146216,0.0,0.05,Online,False
229,1033,533,2020-01-08,5,47.35721680704659,5693.608979685237,0.0,Partner,False
241,1095,557,2020-01-03,1,490.7843392904168,0.0,0.1,Reseller,True
391,1097,539,2020-01-06,2,48.44334999539073,0.0,0.2,Partner,False
710,1011,548,2020-01-04,1,0.0,0.0,0.1,Online,False
716,1099,547,2020-01-04,4,111.06353577971478,4791.525021823716,0.0,Partner,False
893,1046,552,2020-01-05,5,356.6245300161346,1190.9820038973498,0.0,Reseller,True
504,1054,535,2020-01-08,1,355.2316697334482,4561.121313857546,0.05,Online,True
575,1032,527,2020-01-03,1,371.9743438560175,9214.046632487967,0.0,Reseller,True
797,1007,550,2020-01-07,3,302.6060999352479,4140.545976498891,0.0,Online,False
698,1062,536,2020-01-07,1,282.87043715432696,3647.846077995012,0.1,Direct,True
665,1037,553,2020-01-03,4,430.7944968812414,0.0,0.1,Direct,True
581,1057,501,2020-01-02,9,40.63788491399441,7129.411462299116,0.15,Partner,True
215,1008,517,2020-01-03,7,0.0,2254.008344800008,0.1,Online,True
146,1012,506,2020-01-07,3,212.68491071013128,4179.563920765483,0.15,Direct,True
401,1097,540,2020-01-05,2,155.31435698090604,1299.212791464137,0.2,Direct,True
337,1014,555,2020-01-05,6,299.6538485966731,5791.884876112834,0.15,Partner,False
719,1055,508,2020-01-03,6,110.11502786549543,1593.8886947544108,0.0,Partner,False
613,1033,519,2020-01-04,7,226.84730225922533,2917.572650373472,0.0,Partner,True
912,1090,512,2020-01-02,7,192.830083026968,8139.572867346899,0.0,Direct,True
775,1072,508,2020-01-08,7,247.1547904080761,7359.62760993596,0.0,Direct,False
694,1017,553,2020-01-05,8,124.75965175390373,3499.844936870212,0.2,Direct,True
841,1034,526,2020-01-03,3,25.26305546876162,5951.725571932415,0.2,Online,True
676,1037,536,2020-01-03,3,10.976146257344432,5232.2344637064025,0.0,Reseller,True
452,1072,511,2020-01-03,7,0.0,987.291565321548,0.05,Reseller,False
557,1038,547,2020-01-06,2,14.076771691324089,2956.620115780448,0.0,Reseller,True
953,1079,523,2020-01-04,4,332.93225096479387,7482.739268803322,0.0,Reseller,True
941,1011,539,2020-01-06,6,145.7361369197296,0.0,0.1,Reseller,False
663,1098,506,2020-01-06,9,341.7009836684503,1526.4233140758677,0.1,Partner,True
104,1084,532,2020-01-09,2,186.4247282914794,1967.6759380467952,0.05,Partner,True
921,1049,545,2020-01-01,5,321.6107601450883,9966.999933586882,0.15,Direct,False
542,1029,542,2020-01-05,9,297.91707684360694,7597.243537725774,0.15,Reseller,True
950,1076,514,2020-01-07,5,307.35500821466815,7102.054633758953,0.2,Online,True
678,1076,543,2020-01-07,6,368.87651403860576,2896.9633071620274,0.0,Direct,True
368,1066,520,2020-01-01,4,158.9318310049634,3589.506364624008,0.05,Reseller,False
672,1041,548,2020-01-08,7,350.0352993499768,2720.5375243490703,0.15,Online,True
145,1005,520,2020-01-04,8,70.94051551025001,9326.874813511027,0.05,Reseller,True
598,1032,525,2020-01-06,7,43.54477247345325,0.0,0.0,Partner,False
439,1090,502,2020-01-07,6,0.0,8407.453626779452,0.1,Online,False
535,1087,538,2020-01-09,4,473.8995271724638,4576.092508375326,0.0,Direct,False
110,1066,534,2020-01-05,4,190.6665137237497,4279.724178665558,0.2,Reseller,False
113,1075,529,2020-01-03,1,386.10813797378,789.4050199351211,0.0,Partner,True
958,1059,521,2020-01-01,4,371.3387820276319,4481.44499271231,0.2,Partner,False
423,1036,554,2020-01-05,1,429.70323963648417,607.3740975957135,0.05,Online,False
309,1075,558,2020-01-04,5,331.7492261168593,4467.83646026145,0.2,Direct,True
984,1056,549,2020-01-09,8,82.16502614052456,4581.896951873905,0.0,Reseller,False
155,1073,538,2020-01-02,3,0.0,9634.177083454066,0.2,Direct,True
746,1035,536,2020-01-07,8,403.7334531366756,5981.325317967978,0.0,Reseller,True
455,1009,554,2020-01-05,4,87.06387200806053,3676.811200393112,0.1,Direct,False
37,1017,502,2020-01-07,3,185.32890121563892,7545.5937924424015,0.1,Direct,False
495,1007,514,2020-01-02,4,221.68927452130796,9784.159359381249,0.0,Direct,False
851,1029,533,2020-01-02,1,445.1779125776776,0.0,0.15,Direct,True
500,1017,526,2020-01-06,3,485.6315072507746,3249.675455385136,0.0,Online,False
768,1008,509,2020-01-04,3,237.47687467222025,7942.9608204680435,0.0,Reseller,True
510,1088,533,2020-01-09,4,246.6894518038561,7046.3327106081815,0.05,Direct,False
857,1056,559,2020-01-06,8,132.01428069345403,2113.927195581044,0.15,Online,True
660,1026,508,2020-01-04,3,256.5349115502546,2364.3343087085736,0.05,Online,True
675,1017,544,2020-01-02,9,90.98940017004914,895.0001185426408,0.2,Online,True
477,1015,537,2020-01-03,7,43.493068151879726,3324.2284406726017,0.1,Reseller,False
359,1038,533,2020-01-03,9,72.6547325989846,0.0,0.05,Partner,False
482,1009,549,2020-01-06,3,172.90351700286888,8347.614503208712,0.2,Direct,True
370,1053,504,2020-01-03,8,0.0,3083.9867507713825,0.1,Partner,True
880,1015,503,2020-01-08,5,315.6341115833645,9588.844121948823,0.05,Direct,False
828,1004,503,2020-01-02,7,350.3740698579266,2252.360985068892,0.1,Online,True
889,1070,535,2020-01-06,2,0.0,0.0,0.0,Reseller,True
432,1006,539,2020-01-05,6,369.8775267170398,7239.669214022761,0.05,Direct,True
290,1003,539,2020-01-09,7,334.59266573352335,8179.854519490064,0.0,Online,True
792,1085,519,2020-01-01,3,105.53784795114171,0.0,0.0,Partner,False
760,1057,555,2020-01-09,2,498.6193534124457,9425.901595739077,0.05,Online,False
174,1086,553,2020-01-07,4,156.90225850696558,3462.8546397553896,0.05,Direct,False
621,1082,545,2020-01-01,4,157.51257813881338,5714.291614654698,0.1,Online,True
514,1063,512,2020-01-04,9,0.0,653.9037747249386,0.2,Partner,False
72,1066,550,2020-01-04,7,373.042987514515,8078.456501808033,0.0,Direct,True
132,1061,511,2020-01-08,7,107.61548469808602,1560.133499593851,0.15,Reseller,False
283,1014,511,2020-01-07,5,167.61829493317882,2486.064050215037,0.15,Online,False
560,1004,555,2020-01-02,6,376.70833134135336,4550.784389615414,0.2,Direct,False
389,1038,536,2020-01-06,7,299.4125386573725,9416.03294299474,0.2,Partner,False
398,1010,503,2020-01-03,9,30.78692612137693,4472.375487546597,0.2,Online,False
567,1010,518,2020-01-07,2,298.8324548475016,0.0,0.15,Partner,True
64,1094,530,2020-01-02,4,260.4532782262426,2236.9589087537624,0.2,Online,False
181,1002,507,2020-01-02,4,392.3843005497804,9387.10287851121,0.15,Direct,True
499,1091,520,2020-01-06,3,97.88869418598313,8727.96468108943,0.1,Direct,True
988,1091,545,2020-01-04,7,225.4728383888752,2217.458930342605,0.0,Direct,False
963,1072,501,2020-01-06,8,449.7092742375567,5214.272608057732,0.0,Partner,False
365,1025,531,2020-01-06,4,486.8082998564431,5383.906704236967,0.0,Direct,False
24,1092,543,2020-01-04,5,154.6923420834922,7387.5577248416275,0.2,Online,True
854,1062,509,2020-01-02,2,498.1172600144016,8500.57107817862,0.05,Direct,True
820,1037,513,2020-01-01,9,143.2535593150399,6241.413537290326,0.2,Reseller,True
604,1085,531,2020-01-01,8,190.5399707591237,6672.986444260846,0.05,Online,False
93,1030,559,2020-01-06,2,359.39256481081617,1390.8769994416566,0.1,Reseller,True
541,1030,550,2020-01-07,2,109.28999072631817,6440.636614567312,0.2,Partner,True
361,1023,512,2020-01-03,6,10.005701030129408,9193.076958913613,0.0,Direct,True
850,1046,537,2020-01-06,6,449.98040160925626,5642.066053945942,0.15,Direct,False
84,1091,556,2020-01-01,7,482.398424080153,3000.8497919211063,0.2,Reseller,True
340,1035,544,2020-01-08,5,428.9647987937682,7449.1204171796,0.0,Direct,True
640,1044,533,2020-01-01,3,151.70184868501542,6888.818995399667,0.0,Direct,True
625,1069,554,2020-01-06,9,464.2842081406294,2782.8416727784843,0.2,Online,False
544,1045,555,2020-01-06,8,343.2548238690166,1069.4613581824287,0.2,Online,True
911,1057,516,2020-01-02,5,0.0,8409.811846598244,0.1,Direct,False
18,1098,551,2020-01-08,4,255.30589135450472,4866.048543529419,0.0,Partner,False
194,1089,530,2020-01-07,9,0.0,4974.122398129968,0.1,Direct,True
856,1016,533,2020-01-04,8,423.98696040006223,1233.2815371514455,0.05,Direct,True
607,1055,504,2020-01-07,4,395.8196431086431,7424.922400998994,0.0,Reseller,True
817,1045,510,2020-01-01,2,412.69716382682606,5930.272670087967,0.1,Online,True
501,1043,529,2020-01-03,2,65.51871731645745,4942.971518606332,0.0,Direct,False
847,1096,546,2020-01-04,2,29.099867123953903,1431.07300541704,0.1,Online,False
180,1088,552,2020-01-01,5,0.0,8428.432007428462,0.05,Partner,False
252,1066,540,2020-01-06,2,137.17547375628425,7519.23343276381,0.05,Online,True
289,1077,509,2020-01-08,7,245.6361718354744,4119.417099849799,0.2,Online,True
714,1059,527,2020-01-06,8,79.99256275902262,6751.971071536675,0.1,Partner,False
339,1030,551,2020-01-02,3,172.4667025429249,5273.059228080576,0.1,Direct,False
654,1040,502,2020-01-09,2,257.7607351767598,2273.0794280779846,0.0,Online,False
96,1005,512,2020-01-08,1,382.9085172228837,880.5616309815975,0.0,Partner,True
582,1067,519,2020-01-07,6,234.880853132442,9052.509056419667,0.1,Online,False
237,1075,524,2020-01-02,9,228.31540298352652,6741.789733224019,0.05,Partner,False
202,1044,538,2020-01-07,8,78.99344495741128,1028.252455964376,0.1,Online,True
987,1040,518,2020-01-03,7,484.20311798208536,5935.16815536096,0.0,Partner,True
320,1050,512,2020-01-07,9,148.41458454874305,6312.394690980604,0.15,Partner,False
254,1092,550,2020-01-07,9,300.8448583356051,6757.817567906711,0.15,Online,True
545,1093,508,2020-01-09,2,209.9943285246821,0.0,0.1,Online,False
595,1096,509,2020-01-06,3,374.0119318972901,7423.391517281151,0.15,Online,False
745,1039,556,2020-01-04,1,200.0347840592963,8783.174082164802,0.0,Direct,True
947,1067,538,2020-01-09,2,25.554445032764423,7912.020161088519,0.05,Direct,False
80,1098,554,2020-01-04,5,447.01735095726,2594.7905026386475,0.0,Direct,False
874,1025,508,2020-01-05,1,287.4285387002847,5151.61872230431,0.15,Direct,True
727,1083,513,2020-01-01,5,317.92896374114764,8230.37176536116,0.1,Online,True
492,1075,559,2020-01-02,9,59.67271980104798,9929.527057133751,0.2,Online,True
845,1018,539,2020-01-02,5,129.26437477707992,0.0,0.1,Online,False
899,1025,505,2020-01-04,3,177.53358627169027,8805.919674302266,0.2,Reseller,True
308,1009,506,2020-01-02,6,0.0,1150.2792993771595,0.0,Reseller,False
788,1071,539,2020-01-04,6,338.8671619560474,8236.674403053232,0.0,Online,False
800,1072,549,2020-01-08,5,293.61530971085085,959.4457549634184,0.1,Reseller,False
189,1018,503,2020-01-01,2,376.2477592323801,1929.486574556976,0.0,Direct,False
27,1095,539,2020-01-08,5,403.7065442154735,7881.968213691684,0.1,Reseller,True
231,1022,538,2020-01-03,8,405.4130905331569,0.0,0.0,Online,True
521,1081,543,2020-01-03,4,303.53184770368694,7770.951956651386,0.05,Reseller,False
593,1034,550,2020-01-03,3,108.13818875513668,6137.883135694876,0.05,Online,True
843,1013,542,2020-01-02,1,0.0,8841.31837202234,0.0,Reseller,False
586,1072,553,2020-01-04,5,49.76309748275718,0.0,0.2,Direct,False
81,1082,501,2020-01-05,6,222.57053559249948,2572.971578245636,0.15,Direct,True
151,1078,559,2020-01-05,5,14.86267235263946,7864.818492432018,0.2,Direct,False
806,1094,521,2020-01-01,9,109.1045484570221,5769.526735489489,0.15,Direct,False
895,1011,522,2020-01-09,4,122.14897661691452,3824.4096089217833,0.15,Online,False
410,1015,530,2020-01-08,9,351.632597135722,8431.998454096836,0.05,Partner,False
468,1036,543,2020-01-02,8,35.39954156866722,1038.4641055754364,0.1,Reseller,False
475,1055,557,2020-01-07,7,369.0225347892374,0.0,0.0,Reseller,True
602,1037,553,2020-01-08,4,273.7826521952996,8399.424164566124,0.1,Online,False
89,1038,547,2020-01-08,5,320.02882058681445,7627.524757419002,0.1,Partner,False
689,1012,523,2020-01-03,4,264.4200396823005,7166.513601833944,0.0,Direct,False
896,1062,544,2020-01-04,3,302.45741967500214,7933.0452160214845,0.0,Reseller,False
162,1048,512,2020-01-05,8,18.304355795894686,8557.037732648485,0.2,Online,True
188,1023,558,2020-01-02,8,0.0,0.0,0.0,Online,False
771,1081,524,2020-01-03,1,357.2951710622856,1681.2854935932685,0.05,Direct,False
539,1062,552,2020-01-01,3,370.9022618840484,7077.365908466934,0.1,Direct,False
813,1031,528,2020-01-06,7,0.0,5640.581336349025,0.15,Partner,True
219,1041,530,2020-01-07,6,82.17849169669547,1638.9653879907648,0.1,Partner,True
814,1024,507,2020-01-02,9,47.7161179966283,6248.3504261351145,0.1,Online,False
610,1007,546,2020-01-08,8,131.70796828417167,500.291829031133,0.2,Online,True
448,1100,545,2020-01-03,6,432.6938308630977,8771.540326845674,0.0,Direct,False
134,1019,503,2020-01-08,3,150.83070226813408,3169.972626585447,0.0,Online,True
450,1005,547,2020-01-08,3,402.0017060642039,2505.6964543013555,0.05,Direct,False
946,1009,512,2020-01-09,3,35.47478246907667,3870.902627660045,0.15,Reseller,True
748,1044,504,2020-01-07,8,0.0,8128.612874500045,0.15,Partner,True
213,1086,511,2020-01-08,8,459.5680631346752,3080.5152221065114,0.1,Direct,True
436,1090,525,2020-01-04,5,15.59481189249608,5723.75134637395,0.0,Online,True
558,1051,534,2020-01-07,9,222.45556838998104,764.5962878002068,0.0,Reseller,False
776,1025,524,2020-01-03,2,12.603603077489511,882.7124283909855,0.0,Direct,True
790,1023,525,2020-01-03,2,373.7040617275527,1755.7067486617816,0.2,Reseller,False
982,1058,512,2020-01-07,3,59.47927234070293,6170.97962242514,0.2,Reseller,True
954,1040,550,2020-01-09,7,113.5035974217362,6296.025259344229,0.1,Direct,False
767,1083,526,2020-01-08,5,191.0913577191189,8372.202608123749,0.0,Reseller,False
68,1023,504,2020-01-03,2,40.71791459471427,9714.301990779311,0.15,Online,True
187,1003,560,2020-01-04,1,130.83578113923207,2046.514397459179,0.2,Direct,False
520,1071,559,2020-01-08,2,55.11282318041296,2498.02628471504,0.2,Partner,False
62,1005,560,2020-01-01,7,165.61752967794718,3147.1090995928457,0.0,Partner,False
351,1089,503,2020-01-08,6,387.8501797674245,6935.661676668798,0.1,Online,False
150,1049,503,2020-01-07,4,301.614520703784,0.0,0.15,Direct,False
955,1025,545,2020-01-04,3,0.0,5137.687915452733,0.15,Reseller,True
227,1059,545,2020-01-06,8,255.2957498658067,2061.852526249348,0.2,Partner,False
279,1012,555,2020-01-06,5,463.8350935315732,3832.781538682648,0.15,Partner,False
324,1034,525,2020-01-02,6,294.2435289880328,3871.527993122264,0.05,Direct,False
94,1051,535,2020-01-01,5,336.5288526533212,5118.239609541779,0.05,Reseller,True
257,1079,502,2020-01-03,6,490.77714001352433,2138.97683099044,0.1,Online,False
636,1094,519,2020-01-08,8,442.02839980331896,8218.50129991963,0.0,Direct,False
659,1004,526,2020-01-05,5,0.0,8574.613639780451,0.2,Reseller,False
100,1056,533,2020-01-07,4,61.62881190291967,9130.128242854064,0.2,Reseller,True
203,1025,548,2020-01-05,5,314.9826843673384,565.3406410866685,0.05,Partner,False
497,1091,509,2020-01-08,2,43.07624787507275,6764.518139778977,0.05,Online,False
163,1061,518,2020-01-04,6,387.37752376097706,9498.033897552354,0.15,Reseller,False
358,1051,515,2020-01-09,8,28.409834295464616,8524.326136357131,0.1,Online,True
915,1006,512,2020-01-07,5,255.1761286456247,7074.480253877576,0.05,Partner,True
282,1090,540,2020-01-01,7,0.0,3617.705086577314,0.05,Online,False
670,1042,505,2020-01-05,1,340.0862545627048,6063.082996789819,0.1,Reseller,True
628,1002,521,2020-01-08,8,210.7388161542364,1418.125925733647,0.2,Direct,True
722,1069,536,2020-01-05,8,18.88078011240757,0.0,0.0,Online,True
960,1088,527,2020-01-04,1,403.29375305293553,5380.224624545396,0.05,Direct,True
466,1021,520,2020-01-02,2,15.956818023919537,4380.328023380584,0.1,Partner,True
700,1064,551,2020-01-04,7,220.18272338077068,4261.403648861524,0.0,Reseller,False
629,1067,515,2020-01-09,6,0.0,2180.521032827847,0.2,Reseller,False
534,1094,544,2020-01-05,9,434.3868604697288,5965.912144726436,0.1,Direct,True
502,1059,501,2020-01-08,8,207.7644911571797,0.0,0.2,Direct,True
538,1083,545,2020-01-07,6,472.92076680370906,2649.5880850302688,0.2,Direct,False
129,1093,514,2020-01-01,8,325.96797597093376,2756.0462891464463,0.0,Direct,True
148,1046,557,2020-01-03,1,208.10197615488585,0.0,0.15,Reseller,True
964,1005,511,2020-01-07,3,315.08896146334246,3213.4468913413093,0.0,Partner,True
759,1074,513,2020-01-09,4,222.40139405026085,1265.8463491112166,0.0,Partner,True
603,1054,513,2020-01-06,5,141.73822204727483,9224.776649774802,0.0,Partner,True
76,1064,512,2020-01-01,6,142.4927103284175,8528.648089212329,0.15,Reseller,True
263,1066,533,2020-01-07,9,265.51522297352125,2966.8729700289327,0.05,Partner,False
112,1043,534,2020-01-07,5,35.65395989186148,2121.729451468562,0.15,Partner,True
65,1057,537,2020-01-03,4,32.95743517852553,8344.254039826337,0.1,Reseller,True
185,1056,553,2020-01-08,5,0.0,1087.180376547615,0.0,Direct,True
738,1017,513,2020-01-08,5,397.8635192697713,4221.553280341643,0.1,Online,True
920,1087,530,2020-01-02,3,86.54121865644477,5436.310920128572,0.1,Online,False
711,1040,553,2020-01-02,9,306.76256576847163,3723.400039440891,0.15,Direct,True
55,1034,530,2020-01-03,1,142.99059641889005,2683.353895077375,0.1,Partner,False
149,1034,505,2020-01-04,5,270.159462421926,8355.156329241156,0.2,Direct,False
830,1086,554,2020-01-03,8,301.69860030446966,4173.71704191779,0.15,Direct,False
430,1074,520,2020-01-01,1,89.8873150964796,5669.887293785171,0.2,Partner,True
25,1081,553,2020-01-05,2,123.86831829746345,5955.731963357004,0.1,Online,False
903,1059,547,2020-01-05,1,490.7477748552885,0.0,0.0,Partner,False
319,1060,554,2020-01-05,1,434.71747370794014,8239.374544744896,0.2,Online,True
778,1089,549,2020-01-01,2,388.6766909122653,5404.691342377903,0.1,Reseller,False
102,1074,547,2020-01-02,5,325.6331185231988,4929.844422928279,0.1,Reseller,False
473,1063,520,2020-01-01,3,314.43330003430896,6594.292571934391,0.05,Direct,False
310,1015,522,2020-01-07,4,127.79546731781838,1605.4056090627107,0.0,Partner,False
7,1011,542,2020-01-07,2,209.48217967155756,3372.985357146096,0.2,Reseller,False
728,1099,504,2020-01-07,1,0.0,9434.787552354324,0.1,Partner,True
927,1050,505,2020-01-07,7,420.3098690873738,9518.09450933336,0.05,Online,True
20,1001,523,2020-01-02,3,356.47237386068207,8312.621506260866,0.1,Reseller,True
655,1066,546,2020-01-05,5,471.1491981415001,744.0516262593776,0.05,Online,True
904,1072,557,2020-01-02,3,328.2593755566492,9793.096351002305,0.2,Online,False
833,1082,549,2020-01-07,4,409.3204669848642,5361.220747589658,0.05,Direct,True
86,1063,518,2020-01-01,7,346.63944058658893,8771.355824192418,0.05,Reseller,False
190,1038,520,2020-01-08,7,242.16681591499383,9696.725623781967,0.0,Reseller,False
79,1050,510,2020-01-05,2,396.57691117024353,6891.263836918433,0.05,Reseller,True
9,1026,527,2020-01-06,2,180.9220616450449,8136.146459593014,0.0,Online,False
244,1009,515,2020-01-06,1,128.56879385535223,1492.3179219514382,0.0,Direct,True
906,1093,516,2020-01-04,8,0.0,8092.000725495429,0.2,Direct,False
349,1089,541,2020-01-08,5,172.77360622664625,7647.779881885985,0.1,Online,False
783,1026,550,2020-01-04,9,393.1603888074,8191.9128445259485,0.0,Partner,True
945,1029,516,2020-01-05,9,183.9130838297349,0.0,0.0,Direct,True
272,1070,526,2020-01-06,4,89.72287446619728,6332.71791008971,0.05,Reseller,False
139,1042,529,2020-01-06,8,141.12041159670602,7632.31166750503,0.05,Reseller,False
33,1037,513,2020-01-05,2,120.75420892983986,8950.43345491575,0.15,Partner,False
355,1039,535,2020-01-09,2,274.1563308406443,1891.144437726753,0.0,Direct,True
531,1001,543,2020-01-04,2,163.32462316468764,6145.297359431674,0.2,Direct,False
78,1038,517,2020-01-09,7,163.54047961672015,2163.669831238356,0.2,Partner,False
645,1074,544,2020-01-01,8,184.874127833844,1719.095690793263,0.2,Reseller,True
341,1085,518,2020-01-07,3,111.46714651331908,9602.12108473462,0.0,Direct,False
5,1096,525,2020-01-01,2,48.04817398908648,1285.999938372804,0.0,Partner,False
743,1042,542,2020-01-04,7,238.49178050868332,0.0,0.2,Reseller,True
421,1095,545,2020-01-08,7,174.44912259222292,772.1980619877179,0.0,Partner,True
551,1001,529,2020-01-08,5,205.52730564479305,5046.019514235464,0.0,Partner,False
695,1026,560,2020-01-08,2,117.58142238260297,1040.3732788876423,0.05,Partner,False
590,1097,526,2020-01-09,1,413.2620644704661,0.0,0.1,Partner,False
715,1039,529,2020-01-03,3,349.1160870419408,0.0,0.0,Partner,True
589,1051,541,2020-01-08,4,404.49425606287474,3083.5683142828875,0.0,Direct,False
869,1030,527,2020-01-08,7,211.48384381734712,1229.2015879430112,0.0,Direct,False
712,1011,552,2020-01-08,1,67.42991378331438,5306.350716035805,0.05,Direct,False
204,1017,557,2020-01-04,3,392.8477093161795,2518.2491333569933,0.05,Online,True
223,1064,531,2020-01-06,4,0.0,5181.786053061834,0.1,Reseller,True
165,1026,544,2020-01-07,8,0.0,7521.136271424039,0.05,Direct,False
515,1022,542,2020-01-09,7,305.78222827409377,8274.614035405584,0.2,Partner,True
848,1099,536,2020-01-09,4,336.7552217397725,918.6256849186232,0.05,Online,False
705,1053,522,2020-01-04,2,255.05524851754723,2883.3514489616523,0.1,Direct,False
936,1089,520,2020-01-05,3,272.6081886375379,3899.206868688134,0.2,Direct,True
425,1043,547,2020-01-04,2,366.2578131915412,3411.11181568203,0.05,Online,True
47,1065,534,2020-01-08,7,128.5465233546095,1697.0192647079457,0.1,Partner,True
402,1038,521,2020-01-01,5,360.06784039490867,4234.48712181431,0.0,Online,True
547,1016,521,2020-01-05,3,295.6337678340889,8569.740859144487,0.15,Reseller,True
864,1094,560,2020-01-05,5,405.26587598314006,7000.985364790775,0.1,Online,True
392,1027,542,2020-01-09,8,276.8035099608939,2615.422751669307,0.05,Reseller,True
429,1011,525,2020-01-06,1,196.45367783624832,9751.10392689292,0.05,Partner,False
348,1004,556,2020-01-04,5,419.5547046761528,4330.5010152463165,0.0,Online,True
428,1020,539,2020-01-04,6,253.1667889123572,4278.00193711402,0.2,Direct,False
952,1009,533,2020-01-09,3,442.62826009417387,0.0,0.05,Direct,True
420,1027,538,2020-01-03,6,179.21755659999505,4232.5035344852,0.05,Reseller,True
356,1014,529,2020-01-02,3,148.4114889213018,8412.832297955167,0.2,Direct,False
796,1079,555,2020-01-07,9,0.0,9072.83112305141,0.1,Online,False
260,1051,541,2020-01-09,9,454.8704089520135,9413.999422187502,0.1,Direct,True
608,1048,534,2020-01-05,1,232.629257303151,7908.298398095647,0.15,Reseller,False
395,1068,558,2020-01-01,7,392.509541538523,4463.3374763634765,0.15,Online,True
512,1049,551,2020-01-02,6,150.85621579965257,5783.81157998511,0.2,Online,True
383,1029,553,2020-01-04,2,191.76109399730493,9908.15688603966,0.05,Reseller,True
296,1023,508,2020-01-02,4,32.00653650785177,1627.115774545013,0.1,Partner,False
566,1032,550,2020-01-03,2,14.43653917438178,978.9593492209874,0.0,Online,False
397,1066,512,2020-01-03,8,476.5886749918214,2123.895822998059,0.15,Reseller,True
385,1094,536,2020-01-01,5,405.2798246504222,6233.523661760649,0.2,Direct,False
131,1050,522,2020-01-01,1,359.47137280848267,7383.683725052475,0.05,Partner,False
554,1066,505,2020-01-09,2,339.5056440322641,0.0,0.2,Online,True
638,1098,529,2020-01-03,9,345.7158118384972,3404.5675957492654,0.1,Online,True
405,1047,535,2020-01-09,5,261.78868746131616,6786.327485117588,0.1,Reseller,True
508,1052,559,2020-01-08,5,0.0,2414.5195910599723,0.05,Partner,False
172,1047,517,2020-01-05,1,192.15225450410185,0.0,0.1,Partner,True
276,1084,515,2020-01-04,3,15.93052722029264,8323.74615281228,0.15,Online,False
198,1057,544,2020-01-03,4,47.04646990220788,5989.965570593839,0.1,Online,True
489,1063,515,2020-01-09,5,107.50614809012404,6877.072839676759,0.1,Reseller,True
573,1055,549,2020-01-06,9,107.6424648687324,6208.6640537613175,0.05,Reseller,False
812,1014,535,2020-01-05,3,258.459226901972,0.0,0.15,Direct,False
353,1040,510,2020-01-09,7,84.28158665204869,7449.216408409821,0.05,Reseller,True
802,1087,544,2020-01-04,1,86.67359084176428,8350.237704026775,0.0,Direct,True
732,1073,511,2020-01-06,8,272.4717336803135,5035.45380006336,0.2,Reseller,False
457,1029,516,2020-01-08,6,152.12231066159407,5534.435575837213,0.0,Online,True
635,1038,521,2020-01-06,1,335.46749864459446,6035.787268774475,0.0,Online,False
281,1001,549,2020-01-09,8,320.8382075471268,8154.28799384807,0.05,Online,True
658,1022,521,2020-01-02,4,202.438064202994,6362.506472072235,0.1,Online,True
725,1036,502,2020-01-07,7,242.38496027870727,0.0,0.1,Partner,True
414,1029,514,2020-01-07,1,350.35175935410984,8749.890477495874,0.15,Reseller,False
40,1073,546,2020-01-05,3,445.4429493300453,8463.189000277105,0.0,Partner,True
344,1083,519,2020-01-09,5,470.9844150465229,9375.889084591156,0.0,Reseller,False
269,1045,502,2020-01-08,3,131.19675475135085,7074.106931493219,0.0,Partner,False
867,1045,505,2020-01-03,5,128.33327777586524,4130.325010909408,0.1,Reseller,True
318,1062,518,2020-01-09,4,95.8586683318554,8419.618099514137,0.0,Direct,True
381,1064,536,2020-01-02,8,410.22193858776166,7941.330838082453,0.15,Partner,False
36,1083,539,2020-01-03,7,305.71161706125554,5149.229105362593,0.0,Online,False
835,1016,539,2020-01-01,8,382.8171521560831,4136.448953828885,0.0,Online,True
225,1059,532,2020-01-01,3,269.53326473335375,6162.778574763907,0.05,Reseller,True
404,1031,533,2020-01-08,7,60.23282239257248,657.6285660096798,0.1,Direct,False
63,1094,515,2020-01-08,4,10.065999572197809,2577.743103074041,0.1,Partner,True
773,1080,557,2020-01-08,3,0.0,9723.932371243876,0.0,Online,True
175,1014,508,2020-01-06,9,326.7647834025859,3729.7327060358575,0.0,Direct,True
114,1023,504,2020-01-07,9,214.0871716329007,2442.259538410594,0.15,Direct,False
99,1010,511,2020-01-04,5,0.0,2762.393209824115,0.1,Partner,False
784,1047,524,2020-01-07,9,378.3560262739618,9530.061799066883,0.05,Online,True
329,1040,555,2020-01-07,9,448.1062082412929,4254.963496596,0.05,Partner,False
726,1020,549,2020-01-08,5,284.73236452008547,1083.7397562424812,0.15,Direct,False
807,1039,517,2020-01-04,6,163.77513602996362,8346.356931225153,0.1,Partner,False
561,1001,555,2020-01-02,1,458.1288452857939,5707.37942591621,0.0,Partner,False
691,1071,555,2020-01-09,3,130.2226339414434,3906.9050285591184,0.2,Reseller,False
43,1045,541,2020-01-07,2,297.0737463422244,4364.645609041374,0.1,Online,True
888,1043,517,2020-01-02,3,297.5988882138645,8076.383430316616,0.0,Online,False
680,1086,523,2020-01-04,5,89.06777251713801,6329.560078399146,0.1,Reseller,True
913,1041,517,2020-01-01,5,471.429073462435,8731.020243627152,0.1,Reseller,False
247,1040,522,2020-01-03,3,476.2006070772978,1627.7364073365588,0.05,Partner,False
384,1033,534,2020-01-02,9,451.9506964070835,0.0,0.0,Direct,False
287,1011,509,2020-01-02,4,0.0,8488.632748827618,0.0,Reseller,True
513,1029,514,2020-01-05,3,331.810471102533,7905.408663528603,0.15,Direct,True
403,1013,515,2020-01-02,3,381.9125884357462,1452.332855367328,0.0,Partner,False
870,1068,532,2020-01-01,6,73.739528216184,0.0,0.15,Partner,True
780,1015,527,2020-01-08,2,42.56702963037334,0.0,0.2,Reseller,True
781,1059,537,2020-01-07,3,0.0,6886.381529294849,0.2,Partner,True
14,1027,543,2020-01-05,1,478.0064515729337,6427.985612525333,0.15,Direct,False
819,1003,514,2020-01-07,3,400.1583107652706,1066.0774248548653,0.05,Reseller,True
529,1049,556,2020-01-08,9,356.2486362405677,3581.129084839421,0.1,Online,True
236,1094,551,2020-01-03,7,91.2173921118764,5882.749959601898,0.1,Partner,True
212,1100,508,2020-01-02,8,179.14418216216316,7065.030221022987,0.0,Reseller,False
578,1093,546,2020-01-06,7,115.05917666665064,7289.8289182693425,0.0,Online,False
919,1047,516,2020-01-08,6,144.8912245914115,4326.025105094892,0.1,Direct,False
2,1033,513,2020-01-04,5,310.66601597635463,3755.128891963954,0.1,Partner,True
267,1026,522,2020-01-07,6,243.6810521693053,0.0,0.1,Partner,True
467,1090,508,2020-01-02,9,340.2697603388084,6957.12355991678,0.2,Direct,False
101,1017,506,2020-01-06,7,393.0936930390184,4946.656015225756,0.05,Direct,True
972,1077,506,2020-01-07,3,410.3172145632,6443.97816648285,0.1,Online,False
230,1053,560,2020-01-09,1,144.60486937346707,9072.923816217984,0.1,Reseller,True
637,1009,560,2020-01-08,4,408.9215859396693,3605.939731198415,0.2,Direct,True
782,1026,504,2020-01-04,6,296.01965798836835,5072.140536582751,0.0,Partner,False
56,1054,507,2020-01-08,4,253.3807571807938,5750.291543879108,0.2,Reseller,True
255,1075,560,2020-01-03,4,45.80996539323735,0.0,0.0,Online,True
26,1069,530,2020-01-04,8,147.69220446526967,6838.51720334472,0.0,Direct,False
974,1069,522,2020-01-05,5,469.60296340260817,4369.972480021907,0.15,Reseller,True
646,1030,538,2020-01-07,2,0.0,5995.678828178636,0.1,Direct,False
312,1038,503,2020-01-03,4,459.9371524709642,9415.580503034467,0.0,Partner,False
142,1021,516,2020-01-02,7,195.75608384924877,2750.8665866131623,0.0,Partner,True
291,1033,531,2020-01-07,4,68.06628556309425,8324.424302115247,0.15,Reseller,False
818,1098,509,2020-01-01,3,333.1602766339774,2255.964780496737,0.2,Direct,False
666,1075,529,2020-01-07,3,376.6943682962125,0.0,0.05,Partner,True
556,1094,522,2020-01-01,3,0.0,1275.1878400459643,0.0,Reseller,True
686,1091,543,2020-01-08,4,183.59295033643568,0.0,0.15,Partner,False
280,1047,544,2020-01-06,6,122.0516220057683,3944.318067311398,0.05,Online,False
197,1039,517,2020-01-07,4,481.756491624071,7661.746785744173,0.0,Partner,True
550,1018,508,2020-01-04,1,479.2146973910705,3742.5271365254953,0.0,Reseller,False
285,1038,559,2020-01-01,4,367.142106712274,4933.584648401879,0.2,Reseller,False
74,1051,527,2020-01-09,7,59.92727015234663,1326.663573876493,0.0,Partner,True
106,1069,511,2020-01-03,2,255.1965613979986,4584.859534150068,0.15,Online,False
15,1049,545,2020-01-01,4,266.0625336750051,3099.5839696773305,0.05,Partner,False
825,1087,507,2020-01-06,4,169.0107820859176,1261.0044027912213,0.0,Partner,False
986,1098,538,2020-01-05,8,382.05332839005206,9173.893935453632,0.15,Partner,False
983,1067,547,2020-01-09,2,92.07063365611278,8196.530354617174,0.0,Online,False
302,1002,559,2020-01-04,3,475.9550113062487,4373.606997525956,0.05,Direct,False
69,1079,520,2020-01-01,5,0.0,5926.974464402425,0.1,Online,True
928,1082,520,2020-01-03,5,93.16693000269235,0.0,0.0,Partner,False
105,1088,551,2020-01-09,4,0.0,0.0,0.05,Partner,True
58,1050,541,2020-01-02,7,75.57589786984964,6785.838966477296,0.0,Reseller,False
909,1074,557,2020-01-09,8,232.83452785080397,4490.1045408087975,0.15,Direct,False
798,1009,505,2020-01-04,1,330.5250411436581,2555.1613874928566,0.1,Direct,False
683,1057,550,2020-01-03,4,0.0,6039.737081446044,0.1,Reseller,False
328,1001,519,2020-01-04,7,182.99469188414812,1166.027326591941,0.05,Reseller,True
103,1017,515,2020-01-02,4,33.61114607271515,7725.468603325182,0.0,Direct,True
446,1043,556,2020-01-03,8,257.3498431692188,0.0,0.2,Partner,False
434,1023,517,2020-01-08,2,0.0,9090.311268371868,0.0,Reseller,True
559,1063,501,2020-01-06,7,55.38648669516993,6498.065597458384,0.0,Direct,False
644,1081,535,2020-01-09,4,272.4213692910396,6507.764436422332,0.2,Direct,False
471,1057,557,2020-01-04,1,160.32053376584918,7123.055075310815,0.1,Partner,True
451,1037,531,2020-01-06,1,280.8264671020872,7648.449207071696,0.05,Partner,True
823,1090,502,2020-01-04,9,470.1435549306429,2654.339940536634,0.0,Partner,True
975,1077,543,2020-01-09,2,51.70070819869483,5453.081704000541,0.05,Online,True
461,1086,512,2020-01-05,6,132.7292704083245,7721.5288330065105,0.0,Partner,True
249,1024,520,2020-01-07,9,358.7441748155639,2539.6109309018766,0.15,Online,True
549,1019,555,2020-01-01,8,230.62458061001627,7474.436960895639,0.2,Online,True
314,1094,560,2020-01-08,1,257.91937479011654,1229.6289589870046,0.15,Online,True
409,1056,548,2020-01-07,3,0.0,725.2236596229246,0.0,Online,False
615,1085,534,2020-01-06,9,468.7775045197741,5632.844364234247,0.15,Reseller,True
277,1097,534,2020-01-04,5,14.428849848853169,8296.613527284404,0.15,Reseller,True
723,1056,530,2020-01-07,4,398.4514756506783,6767.0575928395065,0.0,Online,True
407,1088,508,2020-01-08,1,190.94757740561516,2048.681581241419,0.2,Direct,False
313,1035,541,2020-01-08,7,59.88380464527308,6786.8884584805655,0.05,Partner,False
934,1099,530,2020-01-03,1,403.3773580640053,5096.124128676149,0.1,Partner,True
144,1001,559,2020-01-06,3,19.470539149624507,5874.924770989465,0.0,Partner,False
66,1017,529,2020-01-04,6,145.32308333224074,3214.2218927784584,0.15,Reseller,True
130,1032,520,2020-01-02,1,203.6141447296366,971.3365467189558,0.15,Partner,True
540,1032,516,2020-01-03,9,442.6669741665888,0.0,0.2,Online,False
741,1061,556,2020-01-05,7,428.9372695851224,2483.8938871986047,0.1,Reseller,True
852,1062,536,2020-01-05,4,169.3924029972564,933.0590005123536,0.1,Online,False
154,1027,560,2020-01-01,4,264.3258172634789,785.9867860075299,0.05,Partner,False
897,1077,558,2020-01-09,1,464.8092280758362,9928.888891538729,0.1,Reseller,False
811,1017,515,2020-01-05,4,454.8408718029317,4434.340148048829,0.0,Reseller,True
90,1097,529,2020-01-04,2,354.88997490082227,0.0,0.2,Online,True
75,1038,517,2020-01-04,5,186.51462021220965,5789.456653817785,0.2,Partner,False
266,1008,526,2020-01-03,7,89.21900375611133,0.0,0.2,Direct,True
642,1086,532,2020-01-06,9,132.4789037348344,3494.7746291697827,0.1,Direct,False
59,1012,532,2020-01-05,8,318.4832714769509,1841.62366204492,0.0,Online,True
580,1065,533,2020-01-01,4,131.30428743714435,5491.967919880985,0.05,Partner,True
486,1026,556,2020-01-02,9,324.4498546762935,1985.0112217341784,0.15,Partner,True
877,1053,554,2020-01-02,6,123.68890835131724,3686.030259065893,0.05,Online,True
632,1020,558,2020-01-09,8,0.0,5552.7817817976575,0.2,Online,True
991,1006,524,2020-01-03,4,169.86441984016193,2845.141762159463,0.05,Online,False
400,1074,518,2020-01-05,5,304.7614008569138,9030.664145053992,0.15,Direct,True
259,1094,533,2020-01-06,1,0.0,3315.39732837624,0.15,Reseller,False
178,1087,546,2020-01-06,7,21.56153267630927,2979.960999231057,0.0,Online,True
406,1100,526,2020-01-09,8,259.3563722396174,6223.269698682584,0.0,Partner,False
914,1003,516,2020-01-06,8,0.0,1066.3645907742607,0.1,Online,True
12,1086,507,2020-01-02,9,474.36713272259067,5302.333223703708,0.2,Direct,False
268,1051,539,2020-01-02,8,361.98227593228194,1001.2699496662248,0.15,Partner,True
979,1096,537,2020-01-07,8,0.0,8685.81640464146,0.0,Direct,True
868,1014,544,2020-01-02,3,29.771905161252857,5769.9521311823655,0.0,Partner,False
239,1062,517,2020-01-04,8,34.48972404324258,4295.428453575881,0.2,Reseller,False
261,1062,513,2020-01-08,2,472.4137804819082,8278.032180098482,0.1,Reseller,False
274,1068,558,2020-01-05,8,388.0971863795178,0.0,0.2,Reseller,True
942,1056,532,2020-01-08,1,461.440680984358,0.0,0.05,Partner,False
422,1036,541,2020-01-09,1,489.4774795106789,6040.89772696929,0.05,Partner,False
747,1003,520,2020-01-03,3,451.869273987652,3782.0681103727343,0.0,Online,False
300,1013,520,2020-01-07,2,379.5898369400411,810.2610774527109,0.15,Direct,False
616,1019,518,2020-01-01,3,41.363109838224254,8585.931986546828,0.15,Online,True
98,1004,529,2020-01-07,1,354.2448457520554,2471.638893954183,0.1,Direct,False
761,1055,522,2020-01-01,2,283.93904962383505,7673.769365729361,0.0,Reseller,False
16,1077,558,2020-01-04,1,156.7871821973982,5134.426026168118,0.2,Partner,True
601,1068,509,2020-01-08,6,296.3799657811388,1396.9795277745689,0.0,Direct,True
673,1038,537,2020-01-01,8,0.0,6558.85434753312,0.1,Direct,False
1000,1048,514,2020-01-03,1,406.4215837429214,5421.736231383276,0.05,Direct,False
786,1010,536,2020-01-02,3,263.82395253826616,9833.952086432368,0.05,Direct,True
184,1059,544,2020-01-04,6,0.0,9321.990340096245,0.0,Partner,True
572,1087,540,2020-01-04,6,54.78182830257044,1353.8300914935262,0.0,Direct,True
157,1047,534,2020-01-08,3,0.0,9365.44833371341,0.1,Direct,False
447,1076,536,2020-01-01,8,362.0424341880495,3705.815650160175,0.0,Partner,False
907,1063,542,2020-01-04,6,300.6475273293394,3674.830784644544,0.0,Reseller,False
292,1006,532,2020-01-03,3,0.0,4153.805221798299,0.0,Direct,True
805,1095,555,2020-01-01,8,142.76192217501907,0.0,0.0,Partner,False
275,1019,550,2020-01-08,6,254.45887562261157,3912.4830963355594,0.1,Reseller,True
739,1001,531,2020-01-05,3,231.1341153843349,2045.2777435021087,0.0,Online,True
338,1060,532,2020-01-02,1,101.20658989914048,2698.1160455800564,0.1,Direct,False
77,1098,522,2020-01-04,5,422.9288320586719,8061.300677863272,0.05,Direct,False
222,1026,547,2020-01-09,5,229.35997845110495,3235.4807554219287,0.05,Online,False
519,1049,524,2020-01-04,5,155.6724872505935,3293.640890679389,0.1,Online,False
918,1054,503,2020-01-08,4,327.8330888167196,5711.58994301954,0.1,Online,False
127,1067,502,2020-01-04,8,0.0,737.2307901119711,0.0,Partner,True
209,1010,553,2020-01-05,2,200.20119600222785,9007.847057252467,0.0,Partner,False
647,1059,526,2020-01-03,9,415.99224297397984,7087.510216534935,0.1,Online,False
424,1026,560,2020-01-09,8,353.57323217922726,7980.033602418093,0.0,Reseller,True
118,1075,541,2020-01-07,9,332.103206263363,9150.754313537009,0.15,Direct,True
839,1099,519,2020-01-09,3,190.49013475923212,1089.3934610872657,0.2,Online,False
288,1100,506,2020-01-06,1,24.293184186179587,2601.767616237608,0.15,Direct,True
304,1065,511,2020-01-08,1,184.9893680572464,6735.89123325624,0.1,Online,True
733,1026,507,2020-01-04,5,0.0,6217.163972481749,0.2,Direct,True
52,1072,548,2020-01-06,9,264.8832472322681,6003.48743328841,0.15,Reseller,True
298,1044,550,2020-01-07,8,192.1447925371482,6996.73129243576,0.05,Reseller,False
736,1073,510,2020-01-09,1,247.69638338997467,3711.801888979483,0.0,Reseller,True
809,1018,548,2020-01-09,6,115.30719214783396,7951.851995521574,0.05,Partner,False
623,1001,501,2020-01-02,9,37.52627790024512,6267.785168393981,0.0,Online,False
411,1029,523,2020-01-02,5,360.0200515101488,9759.56066246124,0.2,Direct,True
765,1080,528,2020-01-07,4,0.0,5029.969338464682,0.0,Reseller,False
999,1059,552,2020-01-03,9,113.14840043601804,0.0,0.2,Partner,True
740,1089,507,2020-01-06,7,99.8866762376829,7476.473926676074,0.1,Reseller,False
445,1060,512,2020-01-07,6,35.31767361240094,1405.9287520935336,0.1,Online,False
687,1040,545,2020-01-04,7,61.61928739585326,4928.725115711792,0.1,Online,False
240,1094,512,2020-01-04,8,423.3883353853937,3604.549705648885,0.1,Online,True
342,1037,506,2020-01-08,3,44.86755973498208,2594.23704033148,0.0,Reseller,False
117,1095,513,2020-01-07,9,113.87708680234245,6343.726835141399,0.15,Reseller,True
496,1082,502,2020-01-01,6,490.3806830616707,8041.271987126376,0.05,Reseller,False
316,1049,514,2020-01-02,1,29.07568202957705,5731.3021046880895,0.15,Online,False
537,1056,523,2020-01-01,2,85.86602017288273,7801.522643675419,0.05,Partner,False
753,1019,544,2020-01-09,5,484.3522479048719,4264.969942233095,0.0,Online,False
832,1013,541,2020-01-06,7,334.3647829489956,4279.037688826433,0.1,Reseller,False
505,1024,506,2020-01-06,1,217.1370320780268,3637.7043412698017,0.0,Online,True
39,1078,513,2020-01-06,5,70.23113244803992,5090.218201479851,0.2,Online,False
570,1034,508,2020-01-08,8,0.0,5252.646084473723,0.0,Direct,True
488,1035,547,2020-01-03,5,319.81825528244354,3924.507798844762,0.05,Direct,False
323,1009,513,2020-01-02,1,0.0,1505.8060230247283,0.2,Online,False
297,1010,508,2020-01-01,4,0.0,9370.619518513966,0.1,Partner,True
981,1093,542,2020-01-07,3,141.59546205228486,8961.255326887504,0.0,Direct,True
892,1063,530,2020-01-05,5,226.72396467105628,9263.125694733182,0.1,Online,False
388,1029,534,2020-01-09,1,202.66564850368192,1643.6819984963456,0.1,Reseller,False
703,1065,521,2020-01-09,6,354.05158712909645,4416.657414400823,0.05,Partner,True
408,1052,536,2020-01-04,3,467.1331826591393,2721.221914384109,0.1,Partner,True
393,1055,551,2020-01-04,4,357.56720595157867,3418.555961702073,0.05,Online,True
668,1018,525,2020-01-01,2,309.16790995755804,0.0,0.1,Reseller,True
224,1098,538,2020-01-08,2,479.3877193178175,3349.449662881715,0.05,Direct,False
35,1074,512,2020-01-01,2,489.7007464356564,2354.081913577179,0.0,Direct,False
562,1008,526,2020-01-02,5,222.67027662729183,2159.1482660151305,0.0,Direct,False
284,1064,503,2020-01-02,6,425.5406239047272,1304.539247815415,0.05,Online,False
619,1029,523,2020-01-07,3,227.52053270812516,5387.382613528995,0.05,Direct,False
769,1095,515,2020-01-07,8,364.1414985970143,3132.1578722772965,0.0,Online,False
922,1009,523,2020-01-08,2,303.6580369083245,1784.56448027212,0.2,Direct,True
838,1055,546,2020-01-05,4,352.48492595881896,5304.119065923052,0.1,Direct,True
503,1051,555,2020-01-07,6,371.56364256895705,4406.3095207601655,0.2,Online,False
485,1057,544,2020-01-09,8,472.7798055202087,4271.425540971004,0.05,Online,False
386,1027,502,2020-01-02,4,492.5806173536132,0.0,0.1,Online,False
161,1063,524,2020-01-01,6,71.51960523370016,3516.72215244709,0.1,Direct,False
533,1013,523,2020-01-08,3,302.8574585243245,6984.0583656083545,0.1,Direct,False
846,1032,545,2020-01-02,8,283.09521309077394,962.6010597993328,0.05,Direct,False
156,1026,515,2020-01-02,7,162.81329037927276,6844.745113657727,0.2,Direct,False
664,1087,528,2020-01-03,9,420.57510367738377,5045.665166018297,0.15,Partner,False
827,1015,518,2020-01-02,8,103.55402668510531,2051.984204784992,0.0,Partner,False
85,1051,559,2020-01-02,8,53.751867017530735,506.2072122323458,0.15,Partner,True
186,1007,524,2020-01-08,2,121.83532811191256,1377.4250170580958,0.0,Direct,False
910,1098,555,2020-01-09,3,340.6452880620312,5994.417749607131,0.1,Partner,False
208,1068,553,2020-01-02,9,321.61780651022696,8903.575438181331,0.15,Direct,False
92,1079,536,2020-01-04,5,91.80701348612736,3836.5841798134174,0.15,Direct,False
293,1050,541,2020-01-04,8,204.9399464960569,4861.678221223468,0.1,Reseller,True
810,1059,537,2020-01-09,2,218.1769130053626,6186.34843556872,0.0,Partner,True
87,1098,550,2020-01-09,5,251.96887982389504,8029.65072548678,0.05,Direct,True
959,1098,502,2020-01-02,1,150.39457897429023,6193.3432265606925,0.2,Online,True
454,1031,503,2020-01-09,4,433.9949218653671,4700.0168294573405,0.2,Partner,True
751,1098,554,2020-01-08,1,200.80842009964888,5875.580322975843,0.0,Direct,True
218,1042,518,2020-01-06,9,40.47958082070435,8394.01712502315,0.2,Online,True
138,1092,528,2020-01-02,5,0.0,4224.8889805934405,0.0,Partner,True
251,1006,510,2020-01-04,7,0.0,6151.050105268141,0.1,Reseller,False
444,1097,540,2020-01-04,7,483.8472848755116,9338.784991608592,0.1,Online,True
861,1084,504,2020-01-04,3,499.4573798963124,2835.5507036873028,0.05,Direct,False
523,1049,525,2020-01-01,7,327.7673618581572,8722.842640135932,0.1,Partner,False
210,1067,502,2020-01-01,5,340.32384481267087,0.0,0.0,Reseller,False
264,1079,513,2020-01-06,4,0.0,9712.37451158078,0.2,Partner,True
677,1025,515,2020-01-09,4,362.1824127482298,7048.448914975557,0.05,Partner,True
182,1026,503,2020-01-05,8,0.0,2264.464184049263,0.1,Direct,False
849,1039,540,2020-01-08,8,168.283399419506,2260.1300781686305,0.15,Online,False
416,1068,502,2020-01-02,5,432.2285428557992,4486.460136664698,0.05,Online,False
865,1049,502,2020-01-03,5,430.4314027935423,9515.316336946513,0.05,Reseller,False
951,1042,536,2020-01-08,2,441.67677276343215,5890.213969482697,0.1,Direct,False
437,1046,557,2020-01-01,5,354.81289201823495,0.0,0.0,Reseller,False
456,1051,514,2020-01-05,4,161.79605101245863,4248.436995529776,0.15,Partner,True
332,1060,545,2020-01-09,4,215.5295170390837,8359.370422503836,0.0,Online,False
343,1005,518,2020-01-05,3,43.81372038027999,8918.72683522878,0.0,Direct,False
763,1012,521,2020-01-06,4,117.85454969332903,8370.167373920413,0.2,Online,True
824,1055,535,2020-01-03,6,321.82339795135346,6831.958778583832,0.0,Direct,True
121,1004,555,2020-01-01,1,0.0,977.3085933183304,0.05,Reseller,True
631,1012,512,2020-01-02,4,0.0,4718.983790612877,0.1,Direct,False
821,1043,557,2020-01-02,7,0.0,7755.076558828045,0.1,Reseller,False
42,1051,549,2020-01-05,9,230.1813735994246,8668.049410710633,0.0,Direct,False
57,1003,510,2020-01-05,4,149.2943055344832,0.0,0.2,Reseller,False
681,1085,506,2020-01-06,3,0.0,9030.3852877155,0.05,Reseller,True
511,1033,549,2020-01-06,6,141.58154047312755,8321.095520460287,0.0,Reseller,False
143,1070,537,2020-01-05,1,175.2993179168554,6935.234733944291,0.05,Online,False
685,1006,559,2020-01-01,3,128.35305243382408,3965.813466974088,0.15,Reseller,False
294,1010,550,2020-01-04,5,460.5702020814644,0.0,0.1,Reseller,False
123,1056,529,2020-01-09,8,307.79853990383407,5736.019638205535,0.05,Online,True
419,1002,505,2020-01-04,7,105.6678954486811,5952.523727655599,0.0,Direct,True
737,1040,539,2020-01-02,8,173.47791396006417,0.0,0.2,Reseller,False
634,1037,515,2020-01-05,9,100.96688540160908,9957.904554661534,0.1,Direct,True
536,1051,520,2020-01-08,6,61.89384415784124,3121.265596615195,0.0,Direct,False
382,1015,558,2020-01-02,4,98.9908442007353,3026.3202810051284,0.05,Direct,False
939,1014,518,2020-01-05,7,0.0,2033.8494236102808,0.15,Online,False
929,1062,540,2020-01-06,1,19.380985318449973,9116.898623942709,0.0,Online,True
926,1035,554,2020-01-03,6,337.20268988554494,2007.9992520559408,0.0,Reseller,True
253,1084,532,2020-01-03,9,224.1279839761542,0.0,0.1,Partner,False
696,1085,515,2020-01-06,7,480.33277332959307,7782.009504105458,0.15,Online,False
248,1036,528,2020-01-04,2,497.461454043316,9815.398157076874,0.0,Direct,False
799,1048,547,2020-01-06,7,445.6726827306049,4704.484786361746,0.15,Reseller,True
633,1005,507,2020-01-07,1,44.54105336514088,0.0,0.0,Partner,False
491,1090,544,2020-01-09,7,377.960501198026,1271.6815306633905,0.2,Direct,True
357,1032,554,2020-01-04,1,218.36181086447,5632.817052007918,0.15,Partner,False
597,1078,541,2020-01-07,6,265.5100218417713,6818.031895562996,0.2,Partner,True
794,1007,510,2020-01-05,2,377.4891212415147,1018.37137868564,0.1,Partner,True
30,1053,536,2020-01-09,9,453.9943910449236,5611.215700957078,0.15,Online,True
435,1047,559,2020-01-05,1,421.1086905818253,4059.858719820076,0.1,Reseller,False
168,1008,508,2020-01-07,9,153.7212192824767,9651.92304423736,0.2,Partner,True
917,1005,520,2020-01-02,5,351.5965448869865,4450.276396174904,0.0,Online,True
609,1082,538,2020-01-02,9,318.8211375335174,1623.0769117653415,0.1,Partner,False
734,1066,531,2020-01-02,1,412.4802978213402,6026.498150501274,0.1,Online,False
44,1077,517,2020-01-05,2,316.1440927668072,3618.214503944224,0.2,Direct,True
271,1005,539,2020-01-04,4,336.6342347328434,2651.9554473430044,0.1,Partner,False
611,1074,504,2020-01-08,8,355.6758068389083,7265.3019358657475,0.05,Online,True
246,1031,554,2020-01-07,8,106.4935951821799,4907.82613258543,0.0,Online,False
126,1096,532,2020-01-02,2,329.30348263386554,2026.4560547625288,0.15,Direct,False
176,1090,515,2020-01-09,9,487.355277470015,1249.9243279922775,0.1,Direct,True
91,1088,512,2020-01-01,5,0.0,4854.074148581966,0.2,Online,True
73,1075,504,2020-01-06,6,164.97237336736032,3990.21192262217,0.15,Partner,False
661,1058,548,2020-01-04,1,104.9929032890774,1692.7230040355323,0.2,Direct,False
548,1040,501,2020-01-02,5,134.0197541980083,927.4698017365316,0.1,Direct,True
992,1088,542,2020-01-07,9,0.0,3410.946768834845,0.0,Reseller,True
22,1055,510,2020-01-03,6,45.72189933027272,4476.769111724134,0.0,Reseller,True
363,1015,530,2020-01-02,6,266.0299887319383,8520.01709021836,0.05,Online,False
177,1028,527,2020-01-05,9,425.0598052221108,4706.582297165506,0.1,Direct,True
879,1073,558,2020-01-07,5,0.0,1435.029796463003,0.2,Direct,True
21,1021,542,2020-01-06,9,34.61074561734715,1041.2979064749986,0.1,Online,False
380,1042,541,2020-01-08,4,359.1844532182713,4302.016620571884,0.1,Direct,False
993,1019,530,2020-01-08,5,123.92793618183728,5773.770974155291,0.1,Reseller,True
785,1032,519,2020-01-01,7,0.0,709.628412481763,0.2,Direct,True
720,1024,516,2020-01-09,1,258.82448133980176,8891.099213549127,0.1,Online,False
692,1010,516,2020-01-09,6,38.28875802030744,9157.722305746993,0.0,Partner,True
721,1022,542,2020-01-03,1,215.4431139713508,4440.843727452844,0.0,Direct,False
600,1016,513,2020-01-02,8,0.0,1778.4745374890235,0.0,Online,False
394,1033,551,2020-01-04,8,91.98743896051958,5691.356146417182,0.1,Partner,False
474,1054,528,2020-01-09,6,173.6844831776969,2968.367310432845,0.0,Direct,True
766,1088,509,2020-01-01,2,43.66970208474088,6485.884705185802,0.0,Reseller,True
924,1020,551,2020-01-02,6,355.518181329576,0.0,0.0,Partner,False
970,1060,518,2020-01-01,6,42.838103498092885,0.0,0.0,Partner,False
517,1028,553,2020-01-01,7,47.03597078849282,0.0,0.1,Online,True
334,1093,529,2020-01-04,3,243.4045093175384,4482.237321070153,0.1,Direct,True
83,1079,526,2020-01-09,5,194.8858464419645,2871.8550510321866,0.15,Direct,False
866,1003,560,2020-01-02,5,498.8378657270567,0.0,0.2,Partner,False
996,1092,503,2020-01-01,8,184.10667675220495,6346.497408297937,0.1,Reseller,True
480,1073,512,2020-01-03,3,222.05577100363868,2785.0500592114126,0.15,Online,False
307,1017,504,2020-01-02,8,286.3962741284237,7290.156126217485,0.0,Direct,True
360,1097,507,2020-01-06,4,385.1179077527718,4100.884611138833,0.2,Direct,True
61,1054,528,2020-01-06,5,376.836164721838,2260.0683761415758,0.05,Direct,True
196,1074,507,2020-01-08,6,0.0,7636.182801063406,0.15,Partner,False
306,1073,516,2020-01-02,6,132.99067779852714,5840.793705112988,0.1,Direct,True
140,1061,521,2020-01-05,8,419.3853106136752,1692.1198195919314,0.1,Online,True
588,1067,505,2020-01-08,4,420.86099858308216,510.5648948637804,0.1,Reseller,True
506,1025,537,2020-01-03,7,179.79684229683193,5860.202258503093,0.1,Direct,True
299,1002,528,2020-01-07,8,202.3045112524452,5549.935450523946,0.05,Online,False
192,1015,515,2020-01-09,9,479.3170024842199,5264.42062332658,0.0,Partner,True
201,1090,509,2020-01-09,1,105.95821122579233,0.0,0.0,Reseller,False
900,1071,513,2020-01-09,2,268.5619584486305,8390.916224102017,0.2,Online,True
362,1063,549,2020-01-07,9,214.1172559563232,2886.1080417098124,0.15,Direct,True
373,1051,520,2020-01-05,3,119.90380680967208,9674.598493287602,0.0,Reseller,False
669,1085,512,2020-01-07,8,88.57904899867414,1502.0925608798389,0.1,Direct,False
273,1026,546,2020-01-03,4,286.8918031018506,2902.1521233760564,0.15,Direct,True
862,1005,513,2020-01-05,2,170.05323221869637,3902.327307026872,0.15,Direct,True
898,1098,536,2020-01-01,8,465.2783648075768,2786.3698901929542,0.2,Direct,False
183,1014,529,2020-01-07,2,205.0225935477064,4038.834849757926,0.0,Reseller,True
317,1069,511,2020-01-09,2,27.64922096279893,4330.473683265896,0.0,Direct,False
167,1001,527,2020-01-01,9,18.600658049648167,3175.3524000035013,0.0,Partner,True
1,1005,541,2020-01-01,9,424.5015054420887,1895.7582740458224,0.2,Online,True
82,1030,522,2020-01-07,6,455.87214048865206,8803.681846399259,0.05,Reseller,True
998,1059,507,2020-01-08,5,40.65677268753127,1333.9882520525198,0.15,Online,True
707,1026,534,2020-01-03,6,436.5582134719983,6053.159575964853,0.1,Direct,True
305,1063,520,2020-01-04,3,395.8990520708018,9725.933619998716,0.15,Reseller,False
195,1028,514,2020-01-06,2,495.7506717664681,0.0,0.05,Direct,True
977,1040,522,2020-01-02,8,44.80709563156104,2364.795871955137,0.05,Partner,False
718,1098,535,2020-01-06,1,448.8806410332015,4306.689584927433,0.05,Reseller,True
53,1039,506,2020-01-08,3,80.00922105631174,5151.432389477325,0.0,Reseller,True
532,1096,550,2020-01-05,5,142.83716434439222,6229.926141167996,0.2,Partner,False
32,1053,514,2020-01-02,4,243.4541233084579,9899.785744168035,0.0,Reseller,True
399,1005,545,2020-01-02,5,140.0098074021788,7694.188293617257,0.05,Partner,True
758,1017,559,2020-01-05,1,403.8691271447889,6158.958329534531,0.0,Reseller,True
731,1098,530,2020-01-09,9,364.4873945539069,1938.6069865146512,0.15,Reseller,False
808,1099,522,2020-01-01,5,128.3353077164884,6498.858529538696,0.15,Direct,False
115,1055,517,2020-01-03,1,412.8681445400474,0.0,0.1,Online,True
834,1033,511,2020-01-06,5,391.23236914088005,5091.295707180089,0.2,Partner,True
749,1051,554,2020-01-07,8,42.817069892383046,5632.6494852805,0.1,Online,True
606,1095,511,2020-01-04,3,336.5668932881495,4319.258560438288,0.1,Reseller,True
153,1045,558,2020-01-01,4,482.1146280349183,3778.2955823757206,0.0,Reseller,True
238,1062,541,2020-01-03,5,112.50087804988463,9034.671432548332,0.2,Reseller,False
335,1072,555,2020-01-04,1,0.0,2097.934729781923,0.0,Online,False
978,1045,560,2020-01-09,3,0.0,714.3628612007988,0.0,Reseller,False
29,1003,518,2020-01-02,4,208.50032031850756,0.0,0.05,Reseller,True
440,1013,535,2020-01-01,9,125.13696844801686,8153.663650951748,0.0,Direct,False
418,1045,537,2020-01-08,9,0.0,874.2224200817843,0.15,Reseller,True
587,1054,548,2020-01-01,5,476.2304479866257,3310.3289262170924,0.2,Reseller,True
270,1044,538,2020-01-05,5,323.9014399389548,4850.325447123265,0.0,Partner,False
837,1066,560,2020-01-09,1,53.308624022414165,0.0,0.0,Online,True
577,1007,525,2020-01-06,7,131.70436758120212,0.0,0.1,Direct,True
158,1086,535,2020-01-08,3,0.0,3022.215870576187,0.1,Partner,False
453,1092,510,2020-01-08,5,0.0,5179.086116785748,0.0,Partner,False
333,1064,508,2020-01-09,2,392.379096473372,898.1945588044466,0.2,Partner,False
894,1088,508,2020-01-08,7,200.7229311289764,3165.707725760202,0.0,Reseller,False
345,1078,522,2020-01-09,5,258.39101460129893,9205.995173054627,0.05,Online,False
487,1041,528,2020-01-02,4,339.0247828469314,7510.534000277125,0.15,Direct,True
656,1025,509,2020-01-02,5,439.39652223973263,0.0,0.05,Partner,True
250,1095,533,2020-01-05,5,490.7604285779928,1138.724710860331,0.0,Reseller,True
412,1008,542,2020-01-07,9,236.24091046842835,1786.8655995495626,0.1,Online,True
816,1060,511,2020-01-06,6,0.0,6443.682499559127,0.2,Partner,False
702,1054,504,2020-01-09,6,0.0,4814.744795998708,0.0,Online,True
4,1018,545,2020-01-03,2,248.9376267369333,1971.790455862705,0.2,Direct,True
